"","Domain","Mean","Head_Count","Poverty_Gap","Poverty_Severity","Gini","Quintile_Share","Quantile_10","Quantile_25","Median","Quantile_75","Quantile_90","admin0Pcod","admin1Pcod","admin2Pcod","admin2Name","area"
"1","10001",14657.5646160029,0.593804658946481,0.320714315944558,0.42883383983656,0.562157732676594,22.8982608848323,1964.50086598491,3826.84172127351,8023.86738330051,16853.1632244135,32784.5334447992,"BDI","BDI010","BDI010001","Kayogoro",454.615377720838
"2","10002",14165.1838990198,0.606672131430896,0.33035998128845,0.440462207839365,0.561529569044031,22.7972518197351,1906.3556687243,3710.74011112033,7773.04390578453,16272.2800173914,31660.6821494084,"BDI","BDI010","BDI010002","Kibago",266.918780839454
"3","10003",16809.3842232146,0.598750449521609,0.325271879699948,0.433851109661118,0.614370956454235,29.2475058588228,1929.84054253832,3765.04154164918,7940.30645873335,16736.6067325628,32545.5392478921,"BDI","BDI010","BDI010003","Mabanda",273.198481166582
"4","10004",13654.0951047729,0.624275709829092,0.347459398708683,0.460039874416243,0.569841267490171,24.0710099189692,1763.03343702726,3454.78294992196,7314.53725209443,15552.0876530195,30636.8557914325,"BDI","BDI010","BDI010004","Makamba",304.832640535427
"5","10005",20205.3238669197,0.594804304364653,0.322632035602428,0.43060338336482,0.67237427967619,37.5449052569382,1943.23851120504,3796.87138724015,8012.87970175636,16930.4618229511,33148.8182261109,"BDI","BDI010","BDI010005","Nyanza-Lac",370.150188593611
"6","10006",13254.0205725131,0.629221721284806,0.349021133867295,0.462612341749525,0.561539219786083,22.8213462322736,1784.43348673892,3466.93125934782,7267.41728528481,15205.3784816095,29707.2678473167,"BDI","BDI010","BDI010006","Vugizo",222.794301386548
"7","1001",14382.0001463691,0.604786642144694,0.330119982767824,0.439700214256202,0.56759800424137,23.7218123221355,1876.78835821679,3676.68927222584,7755.82971957178,16389.6060966537,32247.9208902855,"BDI","BDI001","BDI001001","Bubanza",220.841740570135
"8","1002",14889.267358157,0.587641850611746,0.315474777933157,0.422342402421357,0.560733854124199,22.8553152567997,1997.31903799686,3890.58721052908,8188.26521765043,17183.1253755628,33217.2787469656,"BDI","BDI001","BDI001002","Gihanga",274.948472867001
"9","1003",13744.6559973302,0.618450171232288,0.340168173550185,0.451913408071867,0.564453829870828,23.2831924099279,1820.20430988254,3555.96384258434,7490.62747098257,15671.0710069187,30672.3889276568,"BDI","BDI001","BDI001003","Mpanda",117.18837570618
"10","1004",12275.6570860267,0.654625436511383,0.370651101451139,0.488232889511773,0.562763675238068,22.9940053925774,1641.49795087075,3193.91155559077,6705.66999330647,14089.3538144797,27474.4422222241,"BDI","BDI001","BDI001004","Musigati",290.502032506225
"11","1005",12833.7518435849,0.641297609230407,0.359406247398488,0.474811431687348,0.563888933837314,23.2748633406958,1697.53719081741,3317.20477608418,6993.51917900244,14718.5851200367,28717.9358796201,"BDI","BDI001","BDI001005","Rugazi",152.047273776228
"12","11001",11263.6363418891,0.685393515849373,0.397244304599888,0.51919413375406,0.565150145285438,23.2752193199077,1494.99161232767,2916.19106087538,6113.97191750965,12866.1224511557,25155.2890879482,"BDI","BDI011","BDI011001","Bukeye",172.336147421893
"13","11002",13868.7614424558,0.61320176242424,0.336206534087965,0.447353542295287,0.561268864144288,22.8338180553166,1862.04621666928,3624.48734477488,7602.95275686171,15951.6372387087,31148.0325449533,"BDI","BDI011","BDI011002","Kiganda",107.240047712997
"14","11003",12041.4134381266,0.660497848809419,0.374848968067035,0.493313618008227,0.560936789851538,22.7539216398457,1628.14135612021,3154.53363506226,6622.53463705494,13849.6622997448,26907.6658364606,"BDI","BDI011","BDI011003","Mbuye",117.043845302275
"15","11004",12892.2757041846,0.644478848000546,0.362089619749322,0.478061031561898,0.569509724554783,23.7862329753602,1681.83121905032,3295.38197710934,6907.17695332292,14627.9432069963,28705.7107189665,"BDI","BDI011","BDI011004","Muramvya",191.446435962897
"16","11005",13058.2683337214,0.633604078729499,0.35190500807685,0.466463055343194,0.560406930398616,22.6549822488799,1766.47840848021,3427.71099993345,7165.3980132852,15029.7543573179,29299.677853011,"BDI","BDI011","BDI011005","Rutegama",79.2657503189031
"17","12001",9982.39534342773,0.720994078582369,0.429219094962166,0.556067361365473,0.561109725859494,22.7832360418536,1345.64315867371,2616.74097488412,5482.21355146923,11462.9318491736,22371.6487599303,"BDI","BDI012","BDI012001","Buhinyuza",280.153914520839
"18","12002",12758.1206432962,0.641271494587195,0.35807678207066,0.47364002524838,0.561485675831068,22.8794457884011,1709.04308035881,3340.0907973613,7009.28994478848,14673.0754112692,28506.5039414749,"BDI","BDI012","BDI012002","Butihinda",277.468179079739
"19","12003",10666.0180917369,0.701219194906356,0.410995500764692,0.535175192000918,0.562775762470354,23.0046723308259,1425.0236219775,2780.14904574295,5833.85441757333,12229.7335489643,23827.0553306975,"BDI","BDI012","BDI012003","Gashoho",149.408000155393
"20","12004",10749.3424074342,0.698297829006396,0.408581770254315,0.532323083432488,0.561915117211152,22.8361131979239,1445.41516872892,2809.42966713553,5881.8021917487,12341.7619117181,24014.973966138,"BDI","BDI012","BDI012004","Gasorwe",175.710345025746
"21","12005",11497.5690015238,0.677182301953171,0.38980263680948,0.510436985076959,0.56211707875452,22.8722748768346,1544.951348717,3004.19777027393,6302.68818521444,13196.4415073284,25574.6703455412,"BDI","BDI012","BDI012005","Giteranyi",368.885800529233
"22","12006",15424.5389495323,0.605882707964467,0.335625590340476,0.444774907156659,0.596287549809237,27.5060972027807,1814.17940969881,3586.20916803151,7695.98744596205,16588.26997436,33556.0546098674,"BDI","BDI012","BDI012006","Muyinga",370.670358248838
"23","12007",12456.9685825311,0.64949653371895,0.365967763659179,0.482745011037637,0.561183762252644,22.8160634582143,1675.53192909346,3264.53567911005,6831.42967438413,14351.6515974387,27785.7370304983,"BDI","BDI012","BDI012007","Mwakiro",172.965574148786
"24","13001",13728.6063870616,0.618156427636244,0.339150311161587,0.45117614889876,0.561527300610611,22.7579499567143,1847.64002464049,3598.42722372963,7531.19076339414,15745.4269849386,30670.2718918547,"BDI","BDI013","BDI013001","Bisoro",124.002423301147
"25","13002",13160.8022798703,0.631290890875716,0.350807265473027,0.464800942017016,0.561499264176611,22.855656758797,1769.6747076709,3449.32384303462,7218.50943029088,15128.1014053505,29471.7303909305,"BDI","BDI013","BDI013002","Gisozi",117.777514871468
"26","13003",14284.0726170999,0.602421270341591,0.328073912533275,0.437463101291343,0.561782741909632,22.9413093122241,1915.20490723155,3721.62096826708,7832.37179033435,16420.7878093852,32151.0866255063,"BDI","BDI013","BDI013003","Kayokwe",112.440928095947
"27","13004",13973.2622636768,0.610192681485273,0.333035368226563,0.443651438335627,0.56108810425957,22.8515486226466,1875.26519071852,3655.23307547886,7677.10034605947,16067.137090169,31374.253709332,"BDI","BDI013","BDI013004","Ndava",168.565936266659
"28","13005",13376.9830864969,0.62583401657798,0.345365495901882,0.458647281630979,0.561619783589171,22.7609819197692,1809.85830411706,3506.48800273488,7329.55449727901,15351.2643308249,29915.0311719331,"BDI","BDI013","BDI013005","Nyabihanga",137.96148319089
"29","13006",14189.9998801189,0.605828494964901,0.329523151704131,0.439504662769624,0.562367639175493,22.8997765449895,1904.87978581214,3701.42608632138,7767.98710346423,16248.4942798854,31629.8154652884,"BDI","BDI013","BDI013006","Rusaka",162.110069820939
"30","14001",12661.20998352,0.644425593313574,0.360704593660172,0.476696819647434,0.561216065596261,22.78917121262,1708.57744995379,3314.26106944157,6974.18660660414,14535.109079447,28270.4152788428,"BDI","BDI014","BDI014001","Busiga",123.246607465722
"31","14002",12662.3581766255,0.645541566774492,0.363246921911014,0.47932164864931,0.562910507377223,23.0667181513637,1690.80970618482,3291.80180308222,6910.23110326599,14526.1429110124,28432.9964390582,"BDI","BDI014","BDI014002","Gashikanwa",129.466226115393
"32","14003",12062.2798190509,0.665135770335192,0.378896953816791,0.497893126313023,0.566590106661089,23.419840926374,1595.36292907334,3112.03683759901,6524.63822059038,13704.2828331713,26942.8888619764,"BDI","BDI014","BDI014003","Kiremba",230.524740567428
"33","14004",12521.829061117,0.648118951082722,0.364486722916646,0.481185271331072,0.561729904116161,22.7914599794781,1691.80240035089,3273.17497632932,6850.99389118702,14399.3344273399,27976.095109743,"BDI","BDI014","BDI014004","Marangara",174.00652878569
"34","14005",12202.9717437188,0.660875562096119,0.375648277675499,0.49398946587294,0.566203589932172,23.4193484581683,1611.51693262689,3145.42316687448,6607.14417537433,13893.5329737738,27261.7408311029,"BDI","BDI014","BDI014005","Mwumba",119.111017037204
"35","14006",19595.4377715155,0.525676277343203,0.276962304602953,0.372487659221353,0.598421431796634,28.684759160363,2215.48112761483,4450.09524831332,9690.01039911737,21272.2879321675,43472.3147648672,"BDI","BDI014","BDI014006","Ngozi",180.866389707354
"36","14007",13009.1683449141,0.636221568261694,0.354607172495269,0.469507087323427,0.562771277847142,22.9171583836371,1749.64373589608,3387.64370065908,7118.11803424992,14899.1310747088,29122.0281170763,"BDI","BDI014","BDI014007","Nyamurenza",93.0009606415813
"37","14008",13204.9694037954,0.633415524040666,0.352599985637292,0.466741867546868,0.565604761675846,23.3887753147052,1745.78938411141,3407.76885891353,7163.63890776882,15084.0381133796,29385.8774892115,"BDI","BDI014","BDI014008","Ruhororo",159.642924975665
"38","14009",12385.2347161251,0.652197957187823,0.367730731865411,0.48497580100391,0.561958897610654,22.9057772000636,1661.70232826635,3239.25117903548,6775.99380734003,14225.0925713755,27716.2649500004,"BDI","BDI014","BDI014009","Tangara",203.378965201087
"39","15001",12506.7499708798,0.653293887605916,0.369167776161108,0.486329253229206,0.566907404069942,23.4878398960125,1650.36573265267,3223.96938769072,6772.14318038962,14201.9960226327,27712.8492398717,"BDI","BDI015","BDI015001","Bukemba",223.083042543908
"40","15002",11760.9794546185,0.668984906138156,0.382290203751311,0.501940644360039,0.562381557621655,22.9272710975487,1577.14178361185,3066.16681431761,6438.66460865319,13516.0993000406,26304.0456521219,"BDI","BDI015","BDI015002","Giharo",565.143137989501
"41","15003",12649.3546494204,0.644659072757322,0.36123568165063,0.477431336438762,0.561010524423451,22.718378884193,1707.9203452484,3324.24815638476,6935.0564325092,14551.7042798496,28305.5714781024,"BDI","BDI015","BDI015003","Gitanga",269.600112657494
"42","15004",12532.5684218287,0.647765264193441,0.364182701416872,0.480794975342967,0.56163422376564,22.8343143160406,1685.09202015622,3277.424845377,6865.72637900126,14432.3284294581,28064.5757054569,"BDI","BDI015","BDI015004","Mpinga-Kayove",288.790679193093
"43","15005",11757.9418532113,0.668447803067167,0.381789843777275,0.50135200450301,0.560710313815052,22.7534151146763,1585.23541884142,3075.5427527759,6468.81886391279,13560.0325803215,26400.7051794924,"BDI","BDI015","BDI015005","Musongati",244.723789204757
"44","15006",13732.4814366689,0.62022097383588,0.342952523529931,0.45507779513421,0.565905350098445,23.4790607409742,1805.66698036008,3535.73660887067,7437.71914627148,15656.3150008018,30866.8129319397,"BDI","BDI015","BDI015006","Rutana",259.927540496242
"45","16001",12520.2864437403,0.647950978368088,0.364767677324127,0.481349226898554,0.562065188319322,22.8650210037371,1683.84699020008,3270.23877291101,6858.65304634622,14389.5574641416,28001.5448340479,"BDI","BDI016","BDI016001","Butaganzwa1",336.968922019805
"46","16002",11336.9232676503,0.68271087078714,0.394695199585416,0.51615818995811,0.5634679665025,23.1389658188619,1507.9434882763,2949.61749195194,6199.15824128813,12983.3841599012,25308.1729549123,"BDI","BDI016","BDI016002","Butezi",314.410565018468
"47","16003",12143.4656128976,0.659150387814198,0.373826646405711,0.49197510663974,0.56163896724676,22.8624616942722,1625.28270780362,3180.69412407167,6660.71576826217,13965.5962824451,27137.4116543689,"BDI","BDI016","BDI016003","Bweru",320.468114701612
"48","16004",11893.4253146577,0.665697849711719,0.380102645485188,0.499217437247445,0.561509712738444,22.8176976744142,1599.09291905261,3114.51004757543,6524.06555179674,13664.2514716894,26656.8213845785,"BDI","BDI016","BDI016004","Gisuru",520.020098055635
"49","16005",12402.75294399,0.653068264033032,0.368622141599532,0.4857982851622,0.562680587059541,22.9496293226107,1661.28203506645,3234.24344884636,6787.8207596369,14205.035799072,27674.2024982363,"BDI","BDI016","BDI016005","Kinyinya",268.663283741162
"50","16006",13489.9590573294,0.622953242522017,0.343954242325588,0.456676426036449,0.561826706149524,22.8591090957425,1809.93156738899,3525.79002479933,7395.25633512796,15498.188864162,30178.492781975,"BDI","BDI016","BDI016006","Nyabitsinda",219.68602287643
"51","16007",13860.7496461616,0.622193657206213,0.345269261231914,0.457392233163609,0.572051326896086,24.3194013543585,1774.85384453719,3491.43244266213,7387.28255118143,15672.150898591,30840.5091656793,"BDI","BDI016","BDI016007","Ruyigi",272.11978478003
"52","17014",35453.8963311284,0.320489552806951,0.145092978336488,0.203910387593804,0.595578937895402,28.0383549828728,4070.59335409722,8203.64130843885,17729.0725352108,38435.9351600635,77319.947996895,"BDI","BDI017","BDI017014","Muha",36.3417680803993
"53","17015",485336.988611498,0.282386987367759,0.119584015648872,0.171307867488788,0.934075127365504,497.430039705746,4878.06157020424,9406.31655376702,20043.7061740349,42472.7354932934,81609.0299689359,"BDI","BDI017","BDI017015","Mukaza",16.4801617616127
"54","17016",113502.490785534,0.272008308362411,0.11622438356881,0.166080791141803,0.827298482749574,102.710300804828,4930.61080782378,9672.19683688811,20414.628310491,43355.5201020606,85015.397140334,"BDI","BDI017","BDI017016","Ntahangwa",67.8573160410104
"55","18001",13887.8102100911,0.613270965266777,0.336109028878647,0.447342155510994,0.562970050032568,23.0452296988354,1858.16653916351,3618.16557831661,7586.87170033833,15908.8088356493,30924.4745172104,"BDI","BDI018","BDI018001","Muhuta",129.933350821356
"56","18002",14815.3470973241,0.593160912900409,0.32016862943195,0.427968394318474,0.56424626645104,23.2506909632457,1965.38073090477,3829.96357047123,8045.31306090516,16968.3615390843,33151.382539139,"BDI","BDI018","BDI018002","Bugarama",130.163244594706
"57","18003",14107.4383531004,0.607385120630597,0.330633981277635,0.440953366868008,0.561679464831771,22.8029084080294,1900.7991879602,3695.2873050856,7728.15735940084,16218.4160886233,31522.0052120828,"BDI","BDI018","BDI018003","Burambi",273.954822763317
"58","18004",12219.0461899818,0.655640243164062,0.370516647898733,0.488349113924961,0.560902930577038,22.7580373303494,1644.36104944798,3203.01625392079,6710.92653079052,14072.7499240945,27330.8965996223,"BDI","BDI018","BDI018004","Buyengero",206.352148457231
"59","18005",17446.2061462168,0.546124754375458,0.287653232674906,0.387270087448396,0.577543085699446,25.2593502394774,2171.15150767123,4297.49695962481,9138.66313381405,19622.9695464242,39130.8673083805,"BDI","BDI018","BDI018005","Rumonge",315.16308364749
"60","2002",13350.3169216159,0.631170269515746,0.351941338243645,0.465726126643377,0.568207396215037,23.766652662018,1740.78631965406,3413.89843075709,7178.76706404096,15196.3290219421,29952.1245365865,"BDI","BDI002","BDI002002","Isale",108.376838738797
"61","2003",13247.1293052557,0.629479234610281,0.349008117282496,0.463003674607422,0.561984708314705,22.7810399952508,1788.20245826992,3471.79043986972,7242.28328016842,15195.7091850821,29663.4223033742,"BDI","BDI002","BDI002003","Kabezi",72.0513692288684
"62","2004",16560.8019200255,0.561696406776223,0.298465372031583,0.400875573042483,0.575415170085399,24.717401129286,2098.17049062626,4121.76812289664,8753.90071910398,18617.4690756203,36720.0585252043,"BDI","BDI002","BDI002004","Kanyosha1",78.8661828188452
"63","2005",13093.9711352154,0.632884084174184,0.352092605959154,0.466323269287388,0.561677992630804,22.8681360904234,1761.1299662344,3423.07680488523,7176.98488410853,15060.6573960221,29254.5100300868,"BDI","BDI002","BDI002005","Mubimbi",69.5526162408254
"64","2006",13021.4682411487,0.636715572674481,0.355110652629627,0.469890549202838,0.562923406577719,22.9863479107935,1744.78787332073,3387.81000456681,7116.54788966954,14910.5009694413,29184.9045676723,"BDI","BDI002","BDI002006","Mugongomanga",111.690194925963
"65","2008",14120.5356362309,0.607587454096929,0.331674546320357,0.441761240368287,0.561954962443512,22.9911723481851,1883.7094618897,3678.15707177635,7738.30848635183,16200.3277754042,31543.5152570275,"BDI","BDI002","BDI002008","Mukike",142.218566385525
"66","2009",11509.5296744532,0.67746854034852,0.39022848254148,0.510915654855335,0.563614371889775,23.161747571372,1530.6782852231,2983.59883673322,6271.17944362767,13215.386307757,25780.148057793,"BDI","BDI002","BDI002009","Mutambu",81.159867433064
"67","2010",18745.4866758393,0.549547749908994,0.289520554094759,0.389888774567756,0.608753018747617,28.3254349267892,2185.57952291543,4286.43615213233,9092.61739938906,19407.7917745511,38309.9029359038,"BDI","BDI002","BDI002010","Mutimbuzi",141.512954152638
"68","2012",12668.5954652236,0.643452605311509,0.360743435624439,0.476598807193957,0.56150759669446,22.8679093389346,1704.22996135824,3314.21394391854,6946.06377715379,14529.7424692122,28372.8293483062,"BDI","BDI002","BDI002012","Nyabiraba",78.6874257307127
"69","3002",12755.4703745132,0.64392032523616,0.360971859660049,0.476857297234607,0.56443694418345,23.1874012244088,1696.51249868908,3303.66843442158,6943.20139674976,14582.6331852442,28483.8454060166,"BDI","BDI003","BDI003002","Bururi",386.086815221776
"70","3004",13935.7712583397,0.613711946262364,0.336318066613273,0.44746035537594,0.563988315744421,23.0935675834529,1861.69582847927,3629.17125803561,7604.09707396802,15940.1205170553,30984.2773669884,"BDI","BDI003","BDI003004","Matana",203.03317032837
"71","3005",13566.3409148592,0.622004302961241,0.342265794645037,0.454877074763542,0.561559256840349,22.7777405684795,1832.98599437501,3557.73212646584,7430.43546501204,15581.5667602908,30351.5629989987,"BDI","BDI003","BDI003005","Mugamba",289.033966956335
"72","3007",12968.6996215583,0.637456417763983,0.355579769792027,0.470397103397279,0.561804703739404,22.8614648393431,1748.67537176063,3393.99058354454,7107.07225842056,14905.7137382364,28997.356027276,"BDI","BDI003","BDI003007","Rutovu",281.498791123907
"73","3008",14051.7779889743,0.610194433342815,0.333900068932861,0.444583282080726,0.56288994381703,22.9932961541213,1880.71027026744,3660.68047877945,7675.66909399584,16137.8469255075,31414.8619980335,"BDI","BDI003","BDI003008","Songa",221.083155938028
"74","3009",13792.6900101731,0.615993148776344,0.338493979454035,0.450045399923395,0.561988025155539,22.9567627842318,1845.51214868446,3607.94984277428,7539.26042845832,15878.5687081193,30831.202006169,"BDI","BDI003","BDI003009","Vyanda",221.92592173415
"75","4001",13937.6351215417,0.619509506834478,0.342791916057632,0.454704792411377,0.573023613629716,24.2350005924721,1795.30613602384,3513.53636986581,7424.08562083433,15674.2967798933,30589.3857062089,"BDI","BDI004","BDI004001","Cankuzo",472.074319784854
"76","4002",12277.8329816675,0.656123722143848,0.371196919978195,0.489043870620325,0.562021449762837,22.9113026471827,1646.37230723442,3206.76577267539,6702.19523184118,14127.4855577248,27519.0664827589,"BDI","BDI004","BDI004002","Cendajuru",180.466808538418
"77","4003",13110.8368319166,0.633321965950178,0.351780402005967,0.46617753391443,0.5616579284713,22.8117978043589,1762.59714175173,3427.96498503939,7171.98698451799,15077.0724657338,29360.4892205365,"BDI","BDI004","BDI004003","Gisagara",329.616233428247
"78","4004",13393.5679636367,0.624681119773611,0.344859720957772,0.457714842763973,0.561742339585609,22.9285286695562,1792.62916127765,3502.00183143012,7352.22472076571,15386.2423120457,30008.3904745443,"BDI","BDI004","BDI004004","Kigamba",542.444216948198
"79","4005",11429.5754641705,0.677390031706266,0.389231325238695,0.51012267680365,0.560782064343591,22.7557380487161,1541.24915867661,2998.26244616194,6279.51244663057,13142.6837442955,25602.0138014695,"BDI","BDI004","BDI004005","Mishiha",365.733710512929
"80","5001",14659.1621964999,0.599537554300072,0.3249174487066,0.433833911185235,0.567303338791941,23.5696562675799,1928.8923400206,3765.12269228192,7906.81920703941,16661.2907055103,32755.6759949071,"BDI","BDI005","BDI005001","Buganda",178.670531372792
"81","5002",12626.5721171015,0.645168014174395,0.361211342887183,0.477422539308066,0.561820180001253,22.8779535408723,1691.52296869879,3303.22862308178,6923.16163399539,14493.6194569422,28267.3977886344,"BDI","BDI005","BDI005002","Bukinanyana",328.117282720344
"82","5003",14693.2041803647,0.595355717581868,0.321712175629936,0.430044351803881,0.564404837814391,23.1456811392244,1963.76291768583,3811.69734855899,7998.01642036627,16792.9486916168,32823.436786544,"BDI","BDI005","BDI005003","Mabayi",328.459390663775
"83","5004",13621.0492680926,0.620742561393161,0.341999646692596,0.454398136750507,0.563839613888439,23.1029466189393,1816.62991995066,3537.44809911525,7425.13080429799,15584.8437757816,30362.1818049934,"BDI","BDI005","BDI005004","Mugina",282.403618687327
"84","5005",12350.0531757282,0.653311181313179,0.368029700837461,0.485425407524276,0.562313435286961,22.9002153317853,1661.56580478647,3227.76422903701,6757.469120217,14148.6945114968,27604.8804629142,"BDI","BDI005","BDI005005","Murwi",249.6728436646
"85","5006",17722.7892330449,0.538450237279282,0.281609093397882,0.37988601713902,0.574559467979806,24.8523317907095,2235.30658830244,4398.18457666469,9370.0916054925,20053.1312604929,39506.1190550405,"BDI","BDI005","BDI005006","Rugombo",201.665018549429
"86","6001",11729.0440536308,0.670979978940919,0.383346361243649,0.503283086605021,0.562783406210183,22.9536435081644,1573.30336445933,3059.04059214037,6421.59938101944,13423.3832880018,26176.0973365439,"BDI","BDI006","BDI006001","Bugendana",270.228689057299
"87","6002",13600.3699854807,0.619930584034296,0.341300592307107,0.453589577376524,0.560688956985393,22.8068975630721,1832.6359257745,3560.03875266997,7455.38389277005,15708.2777110606,30577.0863965224,"BDI","BDI006","BDI006002","Bukirasazi",82.5064324672529
"88","6003",13000.3594124769,0.635560590753063,0.353732171133315,0.468386910169096,0.561539582891199,22.8034412299832,1754.49261681903,3404.5736469744,7129.93883199689,14921.7187659338,29173.0963837149,"BDI","BDI006","BDI006003","Buraza",147.865696937376
"89","6004",13425.1609969934,0.62483127970892,0.345389889804585,0.458300845973983,0.562429641892116,22.993013561824,1799.8550995378,3497.15605940433,7336.62971263121,15432.4632155544,30080.4364631524,"BDI","BDI006","BDI006004","Giheta",152.583493126959
"90","6005",13525.834770917,0.622600869715245,0.343271817715273,0.455959323915185,0.562600867351213,22.9680545838995,1813.99369746015,3531.68552870066,7404.2217453571,15518.1388655949,30237.9773870681,"BDI","BDI006","BDI006005","Gishubi",133.208262425925
"91","6006",65120.6521615597,0.547211542243809,0.291909585360879,0.391262333121213,0.826559653469724,139.958051587653,2093.60737744579,4196.6778662149,9099.1881325725,19869.5875458073,40611.5151897221,"BDI","BDI006","BDI006006","Gitega",302.529640926481
"92","6007",13512.7320282763,0.623735848874327,0.344010686046235,0.45685014091254,0.562790719246458,22.9913908221345,1810.21701885778,3526.69929104971,7388.67004618076,15477.2556352115,30161.03019025,"BDI","BDI006","BDI006007","Itaba",214.637411222093
"93","6008",13131.3557192919,0.633421039817956,0.352148003081538,0.466433278573218,0.562159399968259,22.8685479169099,1764.01530359636,3430.45703555261,7190.34481822528,15049.3325259327,29315.1155283801,"BDI","BDI006","BDI006008","Makebuko",169.910058688064
"94","6009",14947.5694978778,0.607222002073668,0.330637606631595,0.440553562606162,0.585830954649027,25.2726802079819,1882.14084470205,3674.19584548777,7753.87490092177,16191.8146788579,31634.8827063358,"BDI","BDI006","BDI006009","Mutaho",148.045154963063
"95","6010",12008.1785650898,0.662688017547962,0.37650390648036,0.495163938156842,0.561551237215443,22.878191028469,1610.77300234062,3147.05971900858,6593.01100453366,13742.9311000819,26866.4064618954,"BDI","BDI006","BDI006010","Ryansoro",163.923397288227
"96","6011",13570.852239104,0.62275568609063,0.343399309819233,0.456129183443536,0.563117136579862,22.9944421749211,1815.54082196861,3529.8971008323,7393.66819843425,15587.1845618457,30400.2821570175,"BDI","BDI006","BDI006011","Nyanrusange",116.570366754175
"97","7001",12000.6025548446,0.662729651874956,0.376611399567771,0.495354928587653,0.56232612173474,22.8817800151247,1614.82642772267,3129.41049099117,6577.45590948774,13766.5042436432,26814.9484976302,"BDI","BDI007","BDI007001","Bugenyuzi",221.290842304077
"98","7002",12446.8459221692,0.651836989143828,0.36806400234812,0.484990308472011,0.564558444350581,23.2705190178,1648.31883218876,3213.86618637607,6775.53574938459,14262.3164137288,27841.5005890938,"BDI","BDI007","BDI007002","Buhiga",263.392026366643
"99","7003",11193.1189176035,0.68466353629324,0.396070633655404,0.517919429583681,0.561281873002555,22.8042627952426,1504.30116087587,2927.10200422691,6151.10985372036,12860.5953841417,25039.0598319184,"BDI","BDI007","BDI007003","Gihogazi",197.370146120743
"100","7004",11596.4989085359,0.673269896952838,0.386526289578857,0.506739286700261,0.561744385692225,22.878224216796,1555.23147935317,3031.99913323383,6360.48662421047,13331.1236876317,25911.4228770938,"BDI","BDI007","BDI007004","Gitaramuka",206.061951321068
"101","7005",11531.6263198995,0.675556918027764,0.388249874135926,0.508964503986084,0.562157244510069,22.844143122775,1547.00665298127,3014.39288303528,6311.47087481357,13236.0111412978,25739.048321818,"BDI","BDI007","BDI007005","Mutumba",173.994029056843
"102","7006",13200.1921377555,0.633361257678148,0.353032948272182,0.467209722050529,0.564388829243568,23.1734393938151,1756.67452785537,3420.03560185134,7176.53829149863,15083.0682060618,29506.5812332072,"BDI","BDI007","BDI007006","Nyabikere",186.18379109838
"103","7007",19412.9249642653,0.672645036898832,0.386284087762269,0.506124354778485,0.727388888121841,48.910383505418,1542.73582039469,3027.82471751116,6371.95647582977,13405.1177827297,26334.0171449702,"BDI","BDI007","BDI007007","Shombo",165.033395165555
"104","8001",14789.889594858,0.59137464240749,0.318361891910256,0.426026898451529,0.562432621652841,22.9223721595567,1982.91007292699,3870.53780251799,8090.44479208569,16949.9930787182,33051.4235990558,"BDI","BDI008","BDI008001","Butaganzwa",100.25504814769
"105","8002",11934.5575251457,0.665589138394324,0.37889307496801,0.497962316996009,0.561891833720083,22.8670230452738,1602.5588526674,3133.29934118108,6541.92215904047,13619.2256785035,26608.3794130841,"BDI","BDI008","BDI008002","Gahombo",78.3366545016996
"106","8003",11826.939737781,0.666700344958562,0.38089911601635,0.500249651748279,0.561485968164243,22.8437029321787,1591.12539564553,3105.13344640143,6488.42735711719,13602.0667993183,26410.1931526139,"BDI","BDI008","BDI008003","Gatara",102.567250501645
"107","8004",12906.6057747786,0.639316704443145,0.357468913055598,0.472800691190403,0.563267132214803,22.9881115324852,1731.34752564957,3357.83089533744,7044.05254603736,14781.782221189,28793.2546079706,"BDI","BDI008","BDI008004","Kabarore",190.69518897095
"108","8005",19014.1198576068,0.543706530484347,0.286303464689567,0.385628165790128,0.607664939578898,28.5387840906579,2196.09036782928,4327.42065904639,9225.10866794157,19740.6523031547,39170.1584804383,"BDI","BDI008","BDI008005","Kayanza",118.848838712459
"109","8006",12949.8770072217,0.636910088141229,0.35557696818157,0.470334395058297,0.561198281372636,22.8186369396887,1744.03902805608,3392.41087664423,7100.91701570057,14903.0899568023,29031.7487241609,"BDI","BDI008","BDI008006","Matongo",156.313199927638
"110","8007",14591.726145271,0.595377807744291,0.321038684369944,0.429405850591775,0.56033004595356,22.6419531818158,1974.90859003104,3840.77879598731,8019.2759620877,16805.5629495392,32582.8361673939,"BDI","BDI008","BDI008007","Muhanga",120.755065518578
"111","8008",14021.9022560352,0.609650765594752,0.33313017024762,0.443703226954968,0.561764580788052,22.8343360291526,1886.51459269079,3660.49063023656,7684.53288858651,16114.6633679832,31305.1870427062,"BDI","BDI008","BDI008008","Muruta",142.572141574911
"112","8009",13817.6916643696,0.615305289121154,0.337011302005706,0.448642126683286,0.562126005962037,22.8387817284893,1859.16025281863,3620.87162445728,7549.66631638062,15865.0729959532,30943.1455742312,"BDI","BDI008","BDI008009","Rango",174.224675597651
"113","9001",11031.3789414367,0.690401204382096,0.401597022146442,0.524132972097009,0.561762993689123,22.9090165800696,1479.84179021192,2878.20901562434,6050.50604937218,12679.5720727121,24646.8994624153,"BDI","BDI009","BDI009001","Bugabira",243.118439500323
"114","9002",12835.6543543132,0.6400104021662,0.357342020836111,0.47267650247838,0.562520975665536,22.9812147911765,1714.24847116772,3344.55111107549,7026.15181457557,14728.9309917973,28694.3711369823,"BDI","BDI009","BDI009002","Busoni",514.276816216269
"115","9003",13158.070156465,0.632496967992916,0.35114842003944,0.465432795091792,0.562506673994024,22.9235094917107,1770.9382188876,3434.75259459786,7188.6382263161,15081.7478792301,29398.8568629448,"BDI","BDI009","BDI009003","Bwambarangwe",185.850655261101
"116","9004",12925.0527905113,0.637017936601181,0.355040759765929,0.469835330007124,0.560347771869797,22.7657076821212,1741.14041802763,3385.4491152102,7113.09256299276,14914.4283865606,28997.1835994946,"BDI","BDI009","BDI009004","Gitobe",172.906562704773
"117","9005",13397.5272548319,0.631703015956035,0.353897452525434,0.467475324510045,0.570713942578125,24.2181635731926,1720.09850724099,3376.10867831844,7167.55930688266,15233.0903688388,29949.5136805315,"BDI","BDI009","BDI009005","Kirundo",222.750185824447
"118","9006",10620.5501901095,0.702236030047168,0.412549245207602,0.536676975713443,0.562093952044931,22.9453716468461,1421.5524959076,2770.89434160985,5822.90152661411,12203.3553859454,23794.8651220506,"BDI","BDI009","BDI009006","Ntega",246.7666768051
"119","9007",10536.7814524716,0.703421172930349,0.413163034427935,0.537637460615679,0.56129338152306,22.7915007574747,1415.40545572483,2756.26003388772,5794.34633111631,12110.9434536661,23545.8146873842,"BDI","BDI009","BDI009007","Vumbi",194.703675873803
